{"Patient": "adult#003", "Mean Glucose (mg/dL)": 96.8515853881836, "Time in Range (%)": 64.86486486486487, "Time Hypo (%)": 35.13513513513514, "Time Hyper (%)": 0.0}