{"Patient": "adult#004", "Mean Glucose (mg/dL)": 79.75518798828125, "Time in Range (%)": 40.476190476190474, "Time Hypo (%)": 59.523809523809526, "Time Hyper (%)": 0.0}