{"Patient": "adult#008", "Mean Glucose (mg/dL)": 85.52218627929688, "Time in Range (%)": 52.83018867924528, "Time Hypo (%)": 47.16981132075472, "Time Hyper (%)": 0.0}