{"Patient": "adult#005", "Mean Glucose (mg/dL)": 85.41321563720703, "Time in Range (%)": 54.23728813559322, "Time Hypo (%)": 45.76271186440678, "Time Hyper (%)": 0.0}